timestamp,username,age,sex,chest_pain_type,resting_bp,serum_cholesterol,fasting_bs,resting_ecg,max_heart_rate,exercise_angina,st_depression,st_slope,major_vessels,thalassemia,diagnostic_score,diagnosis,severity,confidence
2025-09-02T23:00:26.979814,admin,22,Female,1,100,190,≤ 120 mg/dl,1,82,Yes,9,0,1,0,16,HIGH PROBABILITY OF HEART DISEASE,Critical,Very High (95-99%)
2025-09-02T23:04:05.375063,admin,22,Female,1,100,100,≤ 120 mg/dl,2,80,No,9,1,1,2,15,HIGH PROBABILITY OF HEART DISEASE,Critical,Very High (95-99%)
2025-01-15T10:30:00.000000,doctor,65,Male,0,180,250,> 120 mg/dl,1,120,Yes,2.5,2,3,2,18,HIGH PROBABILITY OF HEART DISEASE,Critical,Very High (95-99%)
2025-01-15T11:15:00.000000,doctor,45,Female,2,130,200,≤ 120 mg/dl,0,150,No,0.5,0,0,0,4,LOW PROBABILITY OF HEART DISEASE,Low,Low (10-29%)
2025-01-15T12:00:00.000000,doctor,58,Male,1,160,280,> 120 mg/dl,1,110,Yes,1.8,1,2,1,14,MODERATE-HIGH PROBABILITY OF HEART DISEASE,High,High (80-94%)
2025-01-15T13:30:00.000000,doctor,72,Male,0,190,320,> 120 mg/dl,2,95,Yes,3.2,2,4,2,20,HIGH PROBABILITY OF HEART DISEASE,Critical,Very High (95-99%)
2025-01-15T14:15:00.000000,doctor,35,Female,3,110,180,≤ 120 mg/dl,0,170,No,0.0,0,0,0,2,LOW PROBABILITY OF HEART DISEASE,Low,Low (10-29%)
2025-01-15T15:00:00.000000,doctor,52,Male,1,150,240,≤ 120 mg/dl,1,130,No,1.2,1,1,1,9,MODERATE PROBABILITY OF HEART DISEASE,Moderate,Moderate (60-79%)
2025-01-15T16:30:00.000000,doctor,68,Female,0,170,290,> 120 mg/dl,1,105,Yes,2.8,2,3,1,16,HIGH PROBABILITY OF HEART DISEASE,Critical,Very High (95-99%)
2025-01-15T17:15:00.000000,doctor,41,Male,2,125,210,≤ 120 mg/dl,0,160,No,0.8,0,0,0,5,LOW-MODERATE PROBABILITY OF HEART DISEASE,Low-Moderate,Low-Moderate (30-59%)
2025-01-15T18:00:00.000000,doctor,55,Female,1,140,260,> 120 mg/dl,1,125,Yes,1.5,1,2,2,12,MODERATE-HIGH PROBABILITY OF HEART DISEASE,High,High (80-94%)
2025-01-15T19:30:00.000000,doctor,48,Male,2,135,220,≤ 120 mg/dl,0,145,No,0.6,0,1,0,6,LOW-MODERATE PROBABILITY OF HEART DISEASE,Low-Moderate,Low-Moderate (30-59%)
2025-01-15T20:15:00.000000,doctor,63,Female,0,165,300,> 120 mg/dl,2,115,Yes,2.2,2,2,1,15,HIGH PROBABILITY OF HEART DISEASE,Critical,Very High (95-99%)
2025-01-15T21:00:00.000000,doctor,38,Male,3,115,190,≤ 120 mg/dl,0,175,No,0.2,0,0,0,3,LOW PROBABILITY OF HEART DISEASE,Low,Low (10-29%)
2025-01-15T22:30:00.000000,doctor,59,Male,1,155,270,> 120 mg/dl,1,120,Yes,1.9,1,3,2,13,MODERATE-HIGH PROBABILITY OF HEART DISEASE,High,High (80-94%)
2025-01-15T23:15:00.000000,doctor,44,Female,2,120,200,≤ 120 mg/dl,0,155,No,0.4,0,0,0,4,LOW PROBABILITY OF HEART DISEASE,Low,Low (10-29%)
2025-01-16T08:30:00.000000,doctor,67,Male,0,185,310,> 120 mg/dl,2,100,Yes,3.0,2,4,2,19,HIGH PROBABILITY OF HEART DISEASE,Critical,Very High (95-99%)
2025-01-16T09:15:00.000000,doctor,42,Female,3,110,185,≤ 120 mg/dl,0,165,No,0.1,0,0,0,2,LOW PROBABILITY OF HEART DISEASE,Low,Low (10-29%)
2025-01-16T10:00:00.000000,doctor,56,Male,1,145,250,≤ 120 mg/dl,1,135,No,1.1,1,1,1,8,MODERATE PROBABILITY OF HEART DISEASE,Moderate,Moderate (60-79%)
2025-01-16T11:30:00.000000,doctor,71,Female,0,175,295,> 120 mg/dl,1,110,Yes,2.6,2,3,1,17,HIGH PROBABILITY OF HEART DISEASE,Critical,Very High (95-99%)
2025-01-16T12:15:00.000000,doctor,39,Male,2,130,205,≤ 120 mg/dl,0,170,No,0.7,0,0,0,5,LOW-MODERATE PROBABILITY OF HEART DISEASE,Low-Moderate,Low-Moderate (30-59%)
2025-01-16T13:00:00.000000,doctor,54,Female,1,150,255,> 120 mg/dl,1,130,Yes,1.6,1,2,2,11,MODERATE-HIGH PROBABILITY OF HEART DISEASE,High,High (80-94%)
2025-01-16T14:30:00.000000,doctor,47,Male,2,140,225,≤ 120 mg/dl,0,150,No,0.9,0,1,0,6,LOW-MODERATE PROBABILITY OF HEART DISEASE,Low-Moderate,Low-Moderate (30-59%)
2025-01-16T15:15:00.000000,doctor,62,Female,0,160,285,> 120 mg/dl,2,120,Yes,2.4,2,2,1,14,MODERATE-HIGH PROBABILITY OF HEART DISEASE,High,High (80-94%)
2025-01-16T16:00:00.000000,doctor,36,Male,3,105,180,≤ 120 mg/dl,0,180,No,0.0,0,0,0,2,LOW PROBABILITY OF HEART DISEASE,Low,Low (10-29%)
2025-01-16T17:30:00.000000,doctor,60,Male,1,155,265,> 120 mg/dl,1,125,Yes,2.0,1,3,2,13,MODERATE-HIGH PROBABILITY OF HEART DISEASE,High,High (80-94%)
2025-01-16T18:15:00.000000,doctor,43,Female,2,125,195,≤ 120 mg/dl,0,160,No,0.5,0,0,0,4,LOW PROBABILITY OF HEART DISEASE,Low,Low (10-29%)
2025-01-16T19:00:00.000000,doctor,69,Male,0,180,305,> 120 mg/dl,2,105,Yes,2.9,2,4,2,18,HIGH PROBABILITY OF HEART DISEASE,Critical,Very High (95-99%)
2025-01-16T20:30:00.000000,doctor,40,Female,3,115,190,≤ 120 mg/dl,0,175,No,0.3,0,0,0,3,LOW PROBABILITY OF HEART DISEASE,Low,Low (10-29%)
2025-01-16T21:15:00.000000,doctor,57,Male,1,145,245,≤ 120 mg/dl,1,140,No,1.3,1,1,1,9,MODERATE PROBABILITY OF HEART DISEASE,Moderate,Moderate (60-79%)
2025-01-16T22:00:00.000000,doctor,66,Female,0,170,290,> 120 mg/dl,1,115,Yes,2.7,2,3,1,16,HIGH PROBABILITY OF HEART DISEASE,Critical,Very High (95-99%)
2025-01-16T23:30:00.000000,doctor,37,Male,2,120,200,≤ 120 mg/dl,0,180,No,0.6,0,0,0,4,LOW PROBABILITY OF HEART DISEASE,Low,Low (10-29%)
2025-01-17T08:00:00.000000,doctor,53,Female,1,135,235,≤ 120 mg/dl,1,145,No,1.0,1,1,1,7,MODERATE PROBABILITY OF HEART DISEASE,Moderate,Moderate (60-79%)
2025-01-17T09:30:00.000000,doctor,64,Male,0,165,280,> 120 mg/dl,2,110,Yes,2.3,2,2,1,15,HIGH PROBABILITY OF HEART DISEASE,Critical,Very High (95-99%)
2025-01-17T10:15:00.000000,doctor,41,Female,3,110,185,≤ 120 mg/dl,0,170,No,0.2,0,0,0,3,LOW PROBABILITY OF HEART DISEASE,Low,Low (10-29%)
2025-01-17T11:00:00.000000,doctor,58,Male,1,150,260,> 120 mg/dl,1,130,Yes,1.7,1,2,2,12,MODERATE-HIGH PROBABILITY OF HEART DISEASE,High,High (80-94%)
2025-01-17T12:30:00.000000,doctor,45,Female,2,130,210,≤ 120 mg/dl,0,155,No,0.8,0,0,0,5,LOW-MODERATE PROBABILITY OF HEART DISEASE,Low-Moderate,Low-Moderate (30-59%)
2025-01-17T13:15:00.000000,doctor,61,Male,0,160,275,> 120 mg/dl,1,120,Yes,2.1,2,3,1,14,MODERATE-HIGH PROBABILITY OF HEART DISEASE,High,High (80-94%)
2025-01-17T14:00:00.000000,doctor,38,Female,3,105,180,≤ 120 mg/dl,0,180,No,0.1,0,0,0,2,LOW PROBABILITY OF HEART DISEASE,Low,Low (10-29%)
2025-01-17T15:30:00.000000,doctor,55,Male,1,140,250,≤ 120 mg/dl,1,135,No,1.4,1,1,1,8,MODERATE PROBABILITY OF HEART DISEASE,Moderate,Moderate (60-79%)
2025-01-17T16:15:00.000000,doctor,70,Female,0,185,315,> 120 mg/dl,2,100,Yes,3.1,2,4,2,19,HIGH PROBABILITY OF HEART DISEASE,Critical,Very High (95-99%)
2025-01-17T17:00:00.000000,doctor,42,Male,2,125,200,≤ 120 mg/dl,0,165,No,0.7,0,0,0,5,LOW-MODERATE PROBABILITY OF HEART DISEASE,Low-Moderate,Low-Moderate (30-59%)
2025-01-17T18:30:00.000000,doctor,59,Female,1,155,270,> 120 mg/dl,1,125,Yes,1.8,1,2,2,12,MODERATE-HIGH PROBABILITY OF HEART DISEASE,High,High (80-94%)
2025-01-17T19:15:00.000000,doctor,46,Male,2,135,220,≤ 120 mg/dl,0,150,No,0.9,0,1,0,6,LOW-MODERATE PROBABILITY OF HEART DISEASE,Low-Moderate,Low-Moderate (30-59%)
2025-01-17T20:00:00.000000,doctor,63,Female,0,170,290,> 120 mg/dl,2,115,Yes,2.5,2,3,1,15,HIGH PROBABILITY OF HEART DISEASE,Critical,Very High (95-99%)
2025-01-17T21:30:00.000000,doctor,39,Male,3,115,190,≤ 120 mg/dl,0,175,No,0.4,0,0,0,3,LOW PROBABILITY OF HEART DISEASE,Low,Low (10-29%)
2025-01-17T22:15:00.000000,doctor,56,Female,1,145,255,> 120 mg/dl,1,130,Yes,1.5,1,2,2,11,MODERATE-HIGH PROBABILITY OF HEART DISEASE,High,High (80-94%)
2025-01-17T23:00:00.000000,doctor,44,Male,2,130,205,≤ 120 mg/dl,0,160,No,0.6,0,0,0,4,LOW PROBABILITY OF HEART DISEASE,Low,Low (10-29%)
2025-01-18T08:30:00.000000,doctor,68,Female,0,175,300,> 120 mg/dl,1,110,Yes,2.8,2,3,1,16,HIGH PROBABILITY OF HEART DISEASE,Critical,Very High (95-99%)
2025-01-18T09:15:00.000000,doctor,40,Male,3,110,185,≤ 120 mg/dl,0,170,No,0.3,0,0,0,3,LOW PROBABILITY OF HEART DISEASE,Low,Low (10-29%)
2025-01-18T10:00:00.000000,doctor,57,Female,1,150,260,> 120 mg/dl,1,135,Yes,1.6,1,2,2,11,MODERATE-HIGH PROBABILITY OF HEART DISEASE,High,High (80-94%)
2025-01-18T11:30:00.000000,doctor,47,Male,2,140,225,≤ 120 mg/dl,0,155,No,0.8,0,1,0,5,LOW-MODERATE PROBABILITY OF HEART DISEASE,Low-Moderate,Low-Moderate (30-59%)
2025-01-18T12:15:00.000000,doctor,62,Female,0,165,285,> 120 mg/dl,2,120,Yes,2.2,2,2,1,14,MODERATE-HIGH PROBABILITY OF HEART DISEASE,High,High (80-94%)
2025-01-18T13:00:00.000000,doctor,36,Male,3,105,180,≤ 120 mg/dl,0,180,No,0.0,0,0,0,2,LOW PROBABILITY OF HEART DISEASE,Low,Low (10-29%)
2025-01-18T14:30:00.000000,doctor,60,Female,1,155,270,> 120 mg/dl,1,125,Yes,1.9,1,3,2,12,MODERATE-HIGH PROBABILITY OF HEART DISEASE,High,High (80-94%)
2025-01-18T15:15:00.000000,doctor,43,Male,2,125,195,≤ 120 mg/dl,0,165,No,0.5,0,0,0,4,LOW PROBABILITY OF HEART DISEASE,Low,Low (10-29%)
2025-01-18T16:00:00.000000,doctor,69,Female,0,180,310,> 120 mg/dl,2,105,Yes,2.9,2,4,2,18,HIGH PROBABILITY OF HEART DISEASE,Critical,Very High (95-99%)
2025-01-18T17:30:00.000000,doctor,41,Male,3,115,190,≤ 120 mg/dl,0,175,No,0.2,0,0,0,3,LOW PROBABILITY OF HEART DISEASE,Low,Low (10-29%)
2025-01-18T18:15:00.000000,doctor,58,Female,1,150,265,> 120 mg/dl,1,130,Yes,1.7,1,2,2,12,MODERATE-HIGH PROBABILITY OF HEART DISEASE,High,High (80-94%)
2025-01-18T19:00:00.000000,doctor,45,Male,2,135,220,≤ 120 mg/dl,0,150,No,0.9,0,1,0,6,LOW-MODERATE PROBABILITY OF HEART DISEASE,Low-Moderate,Low-Moderate (30-59%)
2025-01-18T20:30:00.000000,doctor,64,Female,0,170,295,> 120 mg/dl,1,115,Yes,2.6,2,3,1,15,HIGH PROBABILITY OF HEART DISEASE,Critical,Very High (95-99%)
2025-01-18T21:15:00.000000,doctor,37,Male,3,120,200,≤ 120 mg/dl,0,180,No,0.4,0,0,0,3,LOW PROBABILITY OF HEART DISEASE,Low,Low (10-29%)
2025-01-18T22:00:00.000000,doctor,54,Female,1,145,250,≤ 120 mg/dl,1,140,No,1.2,1,1,1,8,MODERATE PROBABILITY OF HEART DISEASE,Moderate,Moderate (60-79%)
2025-01-18T23:30:00.000000,doctor,67,Male,0,175,305,> 120 mg/dl,2,110,Yes,2.7,2,4,2,17,HIGH PROBABILITY OF HEART DISEASE,Critical,Very High (95-99%)
2025-01-19T08:00:00.000000,doctor,38,Female,3,110,185,≤ 120 mg/dl,0,170,No,0.1,0,0,0,2,LOW PROBABILITY OF HEART DISEASE,Low,Low (10-29%)
2025-01-19T09:30:00.000000,doctor,55,Male,1,140,255,≤ 120 mg/dl,1,135,No,1.3,1,1,1,8,MODERATE PROBABILITY OF HEART DISEASE,Moderate,Moderate (60-79%)
2025-01-19T10:15:00.000000,doctor,66,Female,0,180,300,> 120 mg/dl,1,110,Yes,2.8,2,3,1,16,HIGH PROBABILITY OF HEART DISEASE,Critical,Very High (95-99%)
2025-01-19T11:00:00.000000,doctor,42,Male,2,130,205,≤ 120 mg/dl,0,160,No,0.7,0,0,0,5,LOW-MODERATE PROBABILITY OF HEART DISEASE,Low-Moderate,Low-Moderate (30-59%)
2025-01-19T12:30:00.000000,doctor,59,Female,1,155,275,> 120 mg/dl,1,125,Yes,1.8,1,2,2,12,MODERATE-HIGH PROBABILITY OF HEART DISEASE,High,High (80-94%)
2025-01-19T13:15:00.000000,doctor,46,Male,2,135,225,≤ 120 mg/dl,0,155,No,0.8,0,1,0,5,LOW-MODERATE PROBABILITY OF HEART DISEASE,Low-Moderate,Low-Moderate (30-59%)
2025-01-19T14:00:00.000000,doctor,63,Female,0,165,290,> 120 mg/dl,2,120,Yes,2.3,2,2,1,14,MODERATE-HIGH PROBABILITY OF HEART DISEASE,High,High (80-94%)
2025-01-19T15:30:00.000000,doctor,39,Male,3,115,190,≤ 120 mg/dl,0,175,No,0.3,0,0,0,3,LOW PROBABILITY OF HEART DISEASE,Low,Low (10-29%)
2025-01-19T16:15:00.000000,doctor,56,Female,1,150,260,> 120 mg/dl,1,130,Yes,1.5,1,2,2,11,MODERATE-HIGH PROBABILITY OF HEART DISEASE,High,High (80-94%)
2025-01-19T17:00:00.000000,doctor,44,Male,2,130,210,≤ 120 mg/dl,0,160,No,0.6,0,0,0,4,LOW PROBABILITY OF HEART DISEASE,Low,Low (10-29%)
2025-01-19T18:30:00.000000,doctor,68,Female,0,175,295,> 120 mg/dl,1,115,Yes,2.7,2,3,1,15,HIGH PROBABILITY OF HEART DISEASE,Critical,Very High (95-99%)
2025-01-19T19:15:00.000000,doctor,40,Male,3,110,185,≤ 120 mg/dl,0,170,No,0.2,0,0,0,3,LOW PROBABILITY OF HEART DISEASE,Low,Low (10-29%)
2025-01-19T20:00:00.000000,doctor,57,Female,1,155,270,> 120 mg/dl,1,135,Yes,1.6,1,2,2,11,MODERATE-HIGH PROBABILITY OF HEART DISEASE,High,High (80-94%)
2025-01-19T21:30:00.000000,doctor,47,Male,2,140,230,≤ 120 mg/dl,0,150,No,0.9,0,1,0,6,LOW-MODERATE PROBABILITY OF HEART DISEASE,Low-Moderate,Low-Moderate (30-59%)
2025-01-19T22:15:00.000000,doctor,62,Female,0,170,285,> 120 mg/dl,2,120,Yes,2.4,2,2,1,14,MODERATE-HIGH PROBABILITY OF HEART DISEASE,High,High (80-94%)
2025-01-19T23:00:00.000000,doctor,36,Male,3,105,180,≤ 120 mg/dl,0,180,No,0.0,0,0,0,2,LOW PROBABILITY OF HEART DISEASE,Low,Low (10-29%)
2025-01-20T08:30:00.000000,doctor,60,Female,1,150,265,> 120 mg/dl,1,125,Yes,1.9,1,3,2,12,MODERATE-HIGH PROBABILITY OF HEART DISEASE,High,High (80-94%)
2025-01-20T09:15:00.000000,doctor,43,Male,2,125,200,≤ 120 mg/dl,0,165,No,0.5,0,0,0,4,LOW PROBABILITY OF HEART DISEASE,Low,Low (10-29%)
2025-01-20T10:00:00.000000,doctor,69,Female,0,185,315,> 120 mg/dl,2,105,Yes,3.0,2,4,2,18,HIGH PROBABILITY OF HEART DISEASE,Critical,Very High (95-99%)
2025-01-20T11:30:00.000000,doctor,41,Male,3,115,190,≤ 120 mg/dl,0,175,No,0.3,0,0,0,3,LOW PROBABILITY OF HEART DISEASE,Low,Low (10-29%)
2025-01-20T12:15:00.000000,doctor,58,Female,1,155,275,> 120 mg/dl,1,130,Yes,1.7,1,2,2,12,MODERATE-HIGH PROBABILITY OF HEART DISEASE,High,High (80-94%)
2025-01-20T13:00:00.000000,doctor,45,Male,2,135,220,≤ 120 mg/dl,0,155,No,0.8,0,1,0,5,LOW-MODERATE PROBABILITY OF HEART DISEASE,Low-Moderate,Low-Moderate (30-59%)
2025-01-20T14:30:00.000000,doctor,64,Female,0,170,290,> 120 mg/dl,1,115,Yes,2.5,2,3,1,15,HIGH PROBABILITY OF HEART DISEASE,Critical,Very High (95-99%)
2025-01-20T15:15:00.000000,doctor,37,Male,3,120,200,≤ 120 mg/dl,0,180,No,0.4,0,0,0,3,LOW PROBABILITY OF HEART DISEASE,Low,Low (10-29%)
2025-01-20T16:00:00.000000,doctor,54,Female,1,145,250,≤ 120 mg/dl,1,140,No,1.1,1,1,1,7,MODERATE PROBABILITY OF HEART DISEASE,Moderate,Moderate (60-79%)
2025-01-20T17:30:00.000000,doctor,67,Male,0,175,300,> 120 mg/dl,2,110,Yes,2.6,2,4,2,16,HIGH PROBABILITY OF HEART DISEASE,Critical,Very High (95-99%)
2025-01-20T18:15:00.000000,doctor,38,Female,3,110,185,≤ 120 mg/dl,0,170,No,0.1,0,0,0,2,LOW PROBABILITY OF HEART DISEASE,Low,Low (10-29%)
2025-01-20T19:00:00.000000,doctor,55,Male,1,140,255,≤ 120 mg/dl,1,135,No,1.2,1,1,1,8,MODERATE PROBABILITY OF HEART DISEASE,Moderate,Moderate (60-79%)
2025-01-20T20:30:00.000000,doctor,66,Female,0,180,295,> 120 mg/dl,1,110,Yes,2.7,2,3,1,16,HIGH PROBABILITY OF HEART DISEASE,Critical,Very High (95-99%)
2025-01-20T21:15:00.000000,doctor,42,Male,2,130,205,≤ 120 mg/dl,0,160,No,0.6,0,0,0,4,LOW PROBABILITY OF HEART DISEASE,Low,Low (10-29%)
2025-01-20T22:00:00.000000,doctor,59,Female,1,155,270,> 120 mg/dl,1,125,Yes,1.8,1,2,2,12,MODERATE-HIGH PROBABILITY OF HEART DISEASE,High,High (80-94%)
2025-01-20T23:30:00.000000,doctor,46,Male,2,135,225,≤ 120 mg/dl,0,155,No,0.7,0,1,0,5,LOW-MODERATE PROBABILITY OF HEART DISEASE,Low-Moderate,Low-Moderate (30-59%)
2025-09-07T15:18:49.300621,admin,25,Female,2,110,160, 120 mg/dl,0,180,No,0.5,1,0,1,35,LOW PROBABILITY OF HEART DISEASE,Low,High (85%)
2025-09-07T15:21:30.736988,sanjay,2,Male,0,100,150,> 120 mg/dl,2,85,No,5,1,3,1,90,HIGH PROBABILITY OF HEART DISEASE,High,Very High (90.94%)
